DATE,CSUSHPISA,UNRATE,GDP,CPI,Interest,Working Population,Housing subsidies,"Personal,Income",Urban Population,CONS PRICE
2001-07-01,113.491,4.6,16591.33333,2.4350411076885496,2.52836744,181614328.81665295,1.714416667,9014.6,225792302.0,143.4
2001-08-01,114.167,4.9,16591.33333,3.80544284558475,2.33436142,181828452.476108,1.714416667,9001.4,225792302.0,143.3
2001-09-01,114.812,5.0,16591.33333,2.78250757475318,2.17776797,182056480.622264,1.714416667,8975.3,225792302.0,143.0
2001-10-01,115.31,5.3,16594.33333,4.18407658200821,1.98693245,182236635.463239,1.714416667,8987.3,225792302.0,142.3
2001-11-01,115.857,5.5,16594.33333,3.4431714115967296,1.81476553,182430585.042328,1.714416667,8985.1,225792302.0,142.1
2001-12-01,116.455,5.7,16594.33333,2.47528603199942,2.0405763,182641878.738253,1.714416667,8990.7,225792302.0,141.7
2002-01-01,117.144,5.7,16697.0,2.7615896715014903,2.52349996,182566431.891724,2.01525,9015.6,228400290.0,142.0
2002-02-01,117.845,5.7,16697.0,3.38352407504046,2.40007343,182798390.110259,2.01525,9031.9,228400290.0,142.2
2002-03-01,118.687,5.7,16697.0,2.8726214230371,2.42129018,183078312.425159,2.01525,9050.7,228400290.0,143.2
2002-04-01,119.611,5.9,16762.0,2.67648214481753,2.70112632,183260453.015323,2.01525,9099.9,228400290.0,143.5
2002-05-01,120.724,5.8,16762.0,2.42019843819257,2.35054993,183508212.496981,2.01525,9131.0,228400290.0,143.8
2002-06-01,121.813,5.8,16762.0,2.5025331988713,2.31986391,183669058.444073,2.01525,9164.8,228400290.0,144.3
2002-07-01,122.888,5.8,16787.33333,2.24505523113134,2.14192855,183886883.515181,2.01525,9157.5,228400290.0,144.7
2002-08-01,123.83,5.7,16787.33333,2.28572177593909,1.74226259,184159563.752198,2.01525,9175.3,228400290.0,145.1
2002-09-01,124.78,5.7,16787.33333,2.71779789775748,1.44610825,184422418.039234,2.01525,9197.1,228400290.0,145.4
2002-10-01,125.735,5.7,16767.33333,2.31390307533894,1.26869564,184554225.96952,2.01525,9229.6,228400290.0,145.0
2002-11-01,126.67,5.9,16767.33333,1.9109760074518305,1.39558681,184744733.237442,2.01525,9258.8,228400290.0,144.6
2002-12-01,127.624,6.0,16767.33333,3.01261428455382,1.69225366,184860046.150508,2.01525,9288.3,228400290.0,144.3
2003-01-01,128.461,5.8,16820.66667,2.18139042769816,1.48820174,185635346.37315,2.160833333,9290.1,230876596.0,144.4
2003-02-01,129.355,5.9,16820.66667,1.9758302344968104,1.466379,185869692.256356,2.160833333,9296.2,230876596.0,145.2
2003-03-01,130.148,5.9,16820.66667,1.12621180925949,1.22359095,186085118.209936,2.160833333,9333.8,230876596.0,145.2
2003-04-01,130.884,6.0,16932.0,0.553036890472014,1.30961847,186470753.987361,2.160833333,9356.4,230876596.0,145.9
2003-05-01,131.735,6.1,16932.0,1.07578818642804,1.37072098,186649077.97267705,2.160833333,9414.4,230876596.0,145.8
2003-06-01,132.649,6.3,16932.0,1.12305963544221,0.90511574,186800679.576504,2.160833333,9455.3,230876596.0,146.1
2003-07-01,133.77700000000002,6.2,17170.66667,2.6710731226571096,1.12868896,187066500.33798295,2.160833333,9491.6,230876596.0,147.0
2003-08-01,134.969,6.1,17170.66667,2.35741426924818,1.75170446,187304009.475925,2.160833333,9538.8,230876596.0,147.2
2003-09-01,136.29399999999998,6.1,17170.66667,2.02226514469577,1.89723825,187538981.253475,2.160833333,9582.5,230876596.0,149.0
2003-10-01,137.531,6.0,17328.66667,2.09586749439761,1.38081936,187738514.819484,2.160833333,9620.4,230876596.0,149.6
2003-11-01,138.79399999999998,5.8,17328.66667,1.1863624116481102,1.71390165,187972351.58827305,2.160833333,9688.2,230876596.0,150.2
2003-12-01,140.179,5.7,17328.66667,1.79882233944806,1.71357266,188136094.87789,2.160833333,9713.2,230876596.0,149.7
2004-01-01,141.64600000000002,5.7,17393.0,2.2200747059839503,1.70195436,187688839.482615,2.26675,9731.8,233532722.0,150.0
2004-02-01,143.192,5.6,17393.0,2.91265455346974,1.57158074,187876003.023031,2.26675,9765.4,233532722.0,153.4
2004-03-01,145.059,5.8,17393.0,2.7344022682197897,1.47016466,188058175.618794,2.26675,9815.8,233532722.0,156.5
2004-04-01,146.593,5.6,17489.66667,2.5383819269539303,1.35814941,188320660.933455,2.26675,9865.8,233532722.0,160.1
2004-05-01,148.186,5.6,17489.66667,3.2174948905270697,1.88324516,188475226.058824,2.26675,9950.0,233532722.0,162.7
2004-06-01,149.85,5.6,17489.66667,2.72493144884725,1.94657611,188689296.34988895,2.26675,9988.4,233532722.0,162.0
2004-07-01,151.338,5.5,17611.66667,1.77113695955513,1.93379862,188839779.735266,2.26675,10033.0,233532722.0,162.2
2004-08-01,152.63299999999998,5.4,17611.66667,2.87323745174035,1.85580269,189070874.198522,2.26675,10078.2,233532722.0,165.9
2004-09-01,154.179,5.4,17611.66667,2.1466349952753,1.48469164,189216972.380313,2.26675,10110.5,233532722.0,167.2
2004-10-01,155.75,5.5,17747.33333,2.6605010937276203,1.6871063,189444450.963992,2.26675,10159.3,233532722.0,165.9
2004-11-01,157.52700000000002,5.4,17747.33333,1.4800663055379,1.60768876,189655307.838414,2.26675,10171.5,233532722.0,165.5
2004-12-01,159.33,5.4,17747.33333,1.91524972608856,1.90953662,189811053.36688295,2.26675,10520.8,233532722.0,166.3
2005-01-01,161.28799999999998,5.3,17906.33333,3.4217591363454103,1.7792759,189990144.46577495,2.30425,10247.0,236200507.0,168.6
2005-02-01,163.344,5.4,17906.33333,3.30400229074104,1.81315912,190144602.89026895,2.30425,10282.7,236200507.0,170.4
2005-03-01,165.812,5.2,17906.33333,1.8971793950121696,1.97934111,190460726.509212,2.30425,10347.9,236200507.0,170.0
2005-04-01,167.50099999999998,5.2,17956.0,2.09647901335652,2.02052684,190466075.803662,2.30425,10412.1,236200507.0,170.0
2005-05-01,169.351,5.1,17956.0,3.16846235161856,1.78986568,190709890.602971,2.30425,10464.1,236200507.0,168.1
2005-06-01,171.19,5.0,17956.0,1.62477538920178,1.66688811,190962474.634275,2.30425,10498.0,236200507.0,167.8
2005-07-01,172.86,5.0,18051.0,3.0286455734746403,1.82002108,191114389.968375,2.30425,10558.3,236200507.0,167.2
2005-08-01,174.442,4.9,18051.0,2.22215620270876,2.00821677,191266452.871752,2.30425,10619.6,236200507.0,165.9
2005-09-01,176.438,5.0,18051.0,4.02470724061161,1.73569017,191438220.909398,2.30425,10687.7,236200507.0,168.9
2005-10-01,178.028,5.0,18105.66667,3.3315751559861897,1.96704484,191655197.459811,2.30425,10767.3,236200507.0,171.6
2005-11-01,179.68,5.0,18105.66667,2.83691194814226,2.07568901,191932856.777771,2.30425,10815.4,236200507.0,172.7
2005-12-01,180.91,4.9,18105.66667,2.20489319920401,2.01834727,192145684.546109,2.30425,10853.1,236200507.0,173.5
2006-01-01,182.321,4.7,18309.0,2.88432186623886,2.06484172,192351175.115582,2.383667,11038.6,238999326.0,177.2
2006-02-01,183.287,4.8,18309.0,2.07202087371556,2.20441278,192542751.521493,2.383667,11102.6,238999326.0,177.7
2006-03-01,184.364,4.7,18309.0,3.08218251360963,2.38362088,192688879.143996,2.383667,11171.8,238999326.0,178.3
2006-04-01,184.329,4.7,18315.0,2.8870316165126,2.35839303,192814750.630729,2.383667,11229.5,238999326.0,179.0
2006-05-01,184.156,4.6,18315.0,4.28816068458393,2.40637015,192912759.185218,2.383667,11251.1,238999326.0,179.9
2006-06-01,183.507,4.6,18315.0,3.19983083499134,2.45080986,193147767.04692295,2.383667,11292.8,238999326.0,180.7
2006-07-01,183.068,4.7,18295.33333,3.05393052415284,2.49634953,193315277.68087,2.383667,11322.1,238999326.0,182.3
2006-08-01,182.594,4.7,18295.33333,4.62137039677921,2.2982861,193456234.309971,2.383667,11346.8,238999326.0,182.6
2006-09-01,182.798,4.5,18295.33333,2.1062637733366696,2.20605719,193556767.582028,2.383667,11383.9,238999326.0,183.3
2006-10-01,183.198,4.4,18405.33333,3.6506970400157694,2.21206207,193703230.089313,2.383667,11417.8,238999326.0,182.3
2006-11-01,183.609,4.5,18405.33333,3.02469916751935,2.1998854,193949729.62242305,2.383667,11479.3,238999326.0,179.8
2006-12-01,184.139,4.4,18405.33333,2.72554654380133,2.12213778,194181587.897399,2.383667,11587.6,238999326.0,179.8
2007-01-01,184.517,4.6,18420.0,2.9644102631689195,2.14807579,194951758.751848,2.459333,11647.1,241795278.0,181.1
2007-02-01,184.598,4.5,18420.0,4.4470256400193495,2.28715091,195126741.73179305,2.459333,11734.2,241795278.0,181.5
2007-03-01,184.15,4.4,18420.0,2.6885311218425296,2.0249864,195232594.445134,2.459333,11821.4,241795278.0,182.5
2007-04-01,183.01,4.5,18491.33333,2.36832536836802,2.07748685,195285473.944645,2.459333,11868.1,241795278.0,183.7
2007-05-01,181.6,4.4,18491.33333,2.35349143799752,2.0318442,195378957.753014,2.459333,11908.7,241795278.0,184.0
2007-06-01,180.254,4.6,18491.33333,3.2680317367730405,2.24630973,195626531.991346,2.459333,11929.2,241795278.0,184.0
2007-07-01,179.111,4.7,18549.66667,2.82817098511783,2.37357342,195763504.072784,2.459333,11955.7,241795278.0,184.2
2007-08-01,178.116,4.6,18549.66667,2.18457280462696,2.13388077,195850812.920352,2.459333,11963.1,241795278.0,183.9
2007-09-01,177.558,4.7,18549.66667,3.7044060077008303,1.94622258,195981075.168908,2.459333,12025.5,241795278.0,183.4
2007-10-01,176.62400000000002,4.7,18619.0,3.43463052089827,1.98911422,196079324.765129,2.459333,12046.8,241795278.0,183.0
2007-11-01,175.14700000000002,4.7,18619.0,3.475359352757,1.82624712,196221924.559695,2.459333,12102.8,241795278.0,183.3
2007-12-01,174.342,5.0,18619.0,2.98265388398264,1.38696881,196456046.63756305,2.459333,12182.7,241795278.0,183.5
2008-01-01,173.132,5.0,18499.0,3.28360527628442,1.39949068,196086885.646281,2.489667,12227.8,244607104.0,184.3
2008-02-01,171.541,4.9,18499.0,2.85747436326564,1.11112286,196234596.966847,2.489667,12264.9,244607104.0,185.7
2008-03-01,170.053,5.1,18499.0,3.0404857461239905,1.02522008,196399720.740184,2.489667,12314.7,244607104.0,187.8
2008-04-01,168.338,5.0,18568.33333,2.24101388446512,1.06289422,196185183.956292,2.489667,12302.6,244607104.0,190.9
2008-05-01,166.65900000000002,5.4,18568.33333,2.4627692895931,1.40051629,196465025.840138,2.489667,12879.3,244607104.0,195.8
2008-06-01,165.017,5.6,18568.33333,4.05370089545272,1.48755401,196572839.950144,2.489667,12661.0,244607104.0,200.4
2008-07-01,163.566,5.8,18426.0,3.98912873927892,1.44558109,196675087.052917,2.489667,12514.8,244607104.0,203.4
2008-08-01,161.987,6.1,18426.0,2.94013128490127,1.35649733,196811699.220529,2.489667,12426.0,244607104.0,206.5
2008-09-01,160.308,6.1,18426.0,3.17438970761372,1.23957472,196983627.413106,2.489667,12445.0,244607104.0,206.3
2008-10-01,158.327,6.5,17980.33333,2.20171024216991,1.48506331,197148227.499098,2.489667,12446.5,244607104.0,201.8
2008-11-01,156.142,6.8,17980.33333,1.93625366578525,1.63162854,197282902.994639,2.489667,12387.1,244607104.0,199.6
2008-12-01,153.619,7.3,17980.33333,0.3634841508005421,0.97537985,197450630.74704,2.489667,12238.5,244607104.0,194.8
2009-01-01,151.507,7.8,17740.33333,2.40364062502632,0.93854104,196957168.078512,2.74025,12125.6,247276259.0,193.3
2009-02-01,150.015,8.3,17740.33333,2.14357605719473,1.03930649,197130254.265795,2.74025,12007.4,247276259.0,191.2
2009-03-01,148.66,8.7,17740.33333,1.90828983085518,1.25074177,197296740.796326,2.74025,11965.3,247276259.0,190.2
2009-04-01,147.94899999999998,9.0,17672.33333,1.86117019943739,0.71281967,197765218.550998,2.74025,12009.4,247276259.0,188.1
2009-05-01,147.694,9.4,17672.33333,1.29376893720741,1.0174109,197891891.901038,2.74025,12179.6,247276259.0,186.9
2009-06-01,148.09,9.5,17672.33333,0.75584590889346,1.32210554,197604115.283094,2.74025,12042.9,247276259.0,187.1
2009-07-01,148.41,9.5,17693.66667,0.125832513392354,1.26690282,197767457.71878,2.74025,11998.4,247276259.0,187.6
2009-08-01,148.278,9.6,17693.66667,1.6255061079099,1.15904037,198115216.55840105,2.74025,12011.2,247276259.0,188.1
2009-09-01,148.025,9.8,17693.66667,0.914369783533586,0.94923764,198362395.499829,2.74025,12061.1,247276259.0,189.3
2009-10-01,147.85,10.0,17843.66667,1.1903654188135,0.99714116,198618566.659451,2.74025,12069.4,247276259.0,189.7
2009-11-01,148.134,9.9,17843.66667,0.516016421313492,1.06141004,198613900.547094,2.74025,12129.6,247276259.0,189.2
2009-12-01,147.929,9.9,17843.66667,0.460810409841406,0.84804056,198622777.171291,2.74025,12188.2,247276259.0,189.4
2010-01-01,147.39600000000002,9.8,17894.33333,0.680110845940707,1.29792486,198064131.621042,2.722417,12267.7,249849720.0,190.3
2010-02-01,145.631,9.8,17894.33333,-0.1066278542679489,1.12451541,198328300.957783,2.722417,12267.6,249849720.0,192.2
2010-03-01,145.859,9.9,17894.33333,-0.286064246298046,0.99873153,198648956.056007,2.722417,12330.9,249849720.0,193.7
2010-04-01,146.403,9.9,18033.33333,0.4526162541784729,1.3091053,199116837.453571,2.722417,12441.8,249849720.0,196.5
2010-05-01,146.394,9.6,18033.33333,0.27574788971958,1.22638786,199225487.91262695,2.722417,12543.7,249849720.0,198.9
2010-06-01,145.721,9.4,18033.33333,1.2647526767523898,1.01936098,198999262.421882,2.722417,12550.7,249849720.0,197.2
2010-07-01,144.991,9.4,18133.66667,0.632305068442718,0.84675907,199105074.427268,2.722417,12588.7,249849720.0,195.6
2010-08-01,143.916,9.5,18133.66667,0.4302059340372199,0.65616389,199360082.210574,2.722417,12652.9,249849720.0,194.1
2010-09-01,143.019,9.5,18133.66667,1.53627227687154,0.57706775,199591386.883824,2.722417,12673.4,249849720.0,193.9
2010-10-01,142.531,9.4,18189.66667,1.1260905710720202,0.40880525,199860409.9584,2.722417,12723.6,249849720.0,193.8
2010-11-01,142.173,9.8,18189.66667,1.31829898066591,0.33888956,199933840.025682,2.722417,12765.5,249849720.0,193.6
2010-12-01,142.06,9.3,18189.66667,1.393380280754,0.62620927,199961557.434899,2.722417,12873.1,249849720.0,194.2
2011-01-01,141.52100000000002,9.1,18113.66667,2.27322625990496,0.86397716,199070588.283022,2.8525,13080.7,252208133.0,195.9
2011-02-01,140.35,9.0,18113.66667,2.8169688979258902,0.82968718,199328475.322804,2.8525,13155.6,252208133.0,198.1
2011-03-01,139.981,9.0,18113.66667,1.74418998266395,0.87385088,199524091.216163,2.8525,13178.2,252208133.0,199.7
2011-04-01,140.01,9.1,18203.33333,2.24921919600376,0.97750283,199950702.45863,2.8525,13212.8,252208133.0,201.1
2011-05-01,139.905,9.0,18203.33333,2.3058155396239,0.71147484,200048232.572712,2.8525,13239.1,252208133.0,201.6
2011-06-01,139.862,9.1,18203.33333,1.92672807632472,0.49226699,199917201.43496,2.8525,13295.7,252208133.0,201.9
2011-07-01,139.73,9.0,18160.66667,2.5370313756665,0.57395235,200019712.799292,2.8525,13375.8,252208133.0,202.6
2011-08-01,139.309,9.0,18160.66667,3.1779707716990093,0.39497491,200121131.328388,2.8525,13400.3,252208133.0,202.8
2011-09-01,138.668,9.0,18160.66667,2.49197707942446,0.21493888,200261981.843865,2.8525,13401.5,252208133.0,202.7
2011-10-01,137.952,8.8,18326.33333,2.02226514469577,0.09856249,200456315.211364,2.8525,13406.4,252208133.0,202.7
2011-11-01,137.15200000000002,8.6,18326.33333,1.84701379887522,0.13706953,200414593.178849,2.8525,13419.7,252208133.0,202.2
2011-12-01,136.674,8.5,18326.33333,2.37433305779156,0.14446831,200418323.18193,2.8525,13548.9,252208133.0,202.2
2012-01-01,136.607,8.3,18447.33333,3.19808928450254,0.14610051,201012879.326228,2.773583333,13631.6,254614421.0,203.9
2012-02-01,136.533,8.3,18447.33333,1.6845519133678302,0.02185103,201108274.046387,2.773583333,13731.1,254614421.0,205.1
2012-03-01,137.904,8.2,18447.33333,2.42029632056173,0.16923691,201199800.545114,2.773583333,13798.5,254614421.0,205.7
2012-04-01,139.154,8.2,18496.66667,2.2851338427891696,0.19464573,201473874.824689,2.773583333,13868.1,254614421.0,206.3
2012-05-01,140.155,8.2,18496.66667,1.7320720722101297,-0.08722198,201512387.169875,2.773583333,13850.3,254614421.0,206.5
2012-06-01,141.029,8.2,18496.66667,1.92206327761144,-0.04815105,201442085.960376,2.773583333,13837.1,254614421.0,206.6
2012-07-01,141.66899999999998,8.2,18484.66667,2.08371119432122,-0.05482603,201434361.59993,2.773583333,13752.9,254614421.0,206.2
2012-08-01,142.279,8.1,18484.66667,2.4238660191344503,-0.06008478,201503946.658442,2.773583333,13768.5,254614421.0,205.5
2012-09-01,142.908,7.8,18484.66667,2.2866037427289303,-0.16925714,201622437.000035,2.773583333,13914.1,254614421.0,206.6
2012-10-01,143.6,7.8,18467.66667,1.87504766315374,-0.09317224,201721747.344093,2.773583333,14049.2,254614421.0,205.5
2012-11-01,144.585,7.7,18467.66667,2.0721553787935503,-0.00573705,201770072.049884,2.773583333,14230.7,254614421.0,205.6
2012-12-01,145.503,7.9,18467.66667,1.79065016566902,-0.17237745,201889077.49231097,2.773583333,14581.4,254614421.0,206.4
2013-01-01,146.827,8.0,18619.66667,2.74180750368704,0.08440142,201739926.713021,2.372357143,13880.4,256953576.0,208.4
2013-02-01,147.785,7.7,18619.66667,2.45154222786008,0.17210018,201879587.833252,2.372357143,13902.0,256953576.0,209.1
2013-03-01,149.963,7.5,18619.66667,1.21535791179703,0.05034072,202092974.712288,2.372357143,13932.2,256953576.0,209.8
2013-04-01,151.519,7.6,18638.0,2.088884185994,-0.02421188,202114604.53795,2.372357143,13974.9,256953576.0,210.7
2013-05-01,152.85,7.5,18638.0,1.9563823322529,-0.01939123,202300530.337311,2.372357143,14052.5,256953576.0,209.5
2013-06-01,154.19899999999998,7.5,18638.0,2.13725043962469,0.22769375,202335339.614864,2.372357143,14083.9,256953576.0,208.8
2013-07-01,155.60399999999998,7.3,18757.33333,2.00320004740069,0.54638104,202343929.264849,2.372357143,14072.0,256953576.0,208.3
2013-08-01,156.965,7.2,18757.33333,2.1480298989162,0.47506869,202433138.888136,2.372357143,14117.3,256953576.0,208.9
2013-09-01,158.227,7.2,18757.33333,2.23216017314456,0.54083451,202607857.442801,2.372357143,14181.7,256953576.0,208.9
2013-10-01,159.24200000000002,7.2,18880.66667,1.16372929089217,0.49296942,202635928.413109,2.372357143,14152.3,256953576.0,209.3
2013-11-01,160.07399999999998,6.9,18880.66667,2.60550640737742,0.48963774,202701720.34911,2.372357143,14209.6,256953576.0,209.8
2013-12-01,160.994,6.7,18880.66667,2.8446440822717203,0.41829993,202726176.172807,2.372357143,14266.5,256953576.0,209.8
2014-01-01,161.92700000000002,6.6,18781.66667,2.40632650352188,0.68063671,202493411.868639,2.817166667,14369.2,259430732.0,211.7
2014-02-01,162.526,6.7,18781.66667,2.3508313464702497,0.50867731,202561070.650782,2.817166667,14456.4,259430732.0,212.7
2014-03-01,163.086,6.7,18781.66667,2.8589766754357098,0.58045318,202693607.013295,2.817166667,14555.0,259430732.0,213.4
2014-04-01,163.393,6.2,18989.33333,2.21493222879676,0.7022221,202799483.716883,2.817166667,14624.5,259430732.0,213.6
2014-05-01,163.66,6.3,18989.33333,2.54562660708071,0.62685415,202923873.293004,2.817166667,14689.5,259430732.0,214.3
2014-06-01,164.062,6.1,18989.33333,1.31136444111866,0.62452944,203093194.09441105,2.817166667,14760.1,259430732.0,214.5
2014-07-01,164.577,6.2,19178.66667,2.4049038383757497,0.59099495,203116450.810818,2.817166667,14821.1,259430732.0,214.8
2014-08-01,165.215,6.1,19178.66667,1.75173691535098,0.6494057,203209765.041602,2.817166667,14894.2,259430732.0,215.5
2014-09-01,165.905,5.9,19178.66667,1.93541098458714,0.58085993,203253731.075518,2.817166667,14951.2,259430732.0,215.7
2014-10-01,166.642,5.7,19234.0,2.4289565511268,0.7009647,203283833.574695,2.817166667,15022.7,259430732.0,215.9
2014-11-01,167.335,5.8,19234.0,2.25631054100233,0.71330026,203371703.641928,2.817166667,15094.0,259430732.0,215.8
2014-12-01,168.05,5.6,19234.0,2.3833942455642,0.38472537,203426054.88517305,2.817166667,15170.9,259430732.0,215.5
2015-01-01,168.634,5.7,19373.66667,1.94752959883826,0.7099428,203882371.279071,2.904916667,15230.8,261950744.0,215.8
2015-02-01,169.13,5.5,19373.66667,1.95449451571832,0.53838038,203937741.558208,2.904916667,15313.3,261950744.0,215.3
2015-03-01,169.8,5.4,19373.66667,2.43333592636743,0.75170542,204002981.996736,2.904916667,15314.2,261950744.0,215.0
2015-04-01,170.298,5.4,19458.66667,2.96265053867684,0.41032252,204017514.634363,2.904916667,15373.5,261950744.0,214.5
2015-05-01,170.88099999999997,5.6,19458.66667,2.5012910991095,0.53392144,204232987.717287,2.904916667,15442.7,261950744.0,213.7
2015-06-01,171.46900000000002,5.3,19458.66667,2.97239956431092,0.5537778,204417752.572942,2.904916667,15479.0,261950744.0,213.7
2015-07-01,172.13,5.2,19495.33333,1.9220253006031696,0.6670749,204506088.881945,2.904916667,15518.6,261950744.0,213.7
2015-08-01,172.937,5.1,19495.33333,1.63579063211565,0.54830556,204556122.755438,2.904916667,15550.5,261950744.0,213.3
2015-09-01,173.828,5.0,19495.33333,2.99841569275872,0.51245991,204527761.662847,2.904916667,15570.5,261950744.0,212.5
2015-10-01,174.792,5.0,19490.0,2.28316449144805,0.52877171,204580177.077722,2.904916667,15608.0,261950744.0,212.4
2015-11-01,175.739,5.1,19490.0,2.2654806001265,0.6662057,204606894.698126,2.904916667,15615.4,261950744.0,211.7
2015-12-01,176.543,5.0,19490.0,1.83471969623819,0.64742223,204720548.387829,2.904916667,15668.4,261950744.0,210.9
2016-01-01,177.274,4.8,19568.0,2.70841659132004,0.73450597,205109771.430019,3.129166667,15695.5,264473000.0,211.4
2016-02-01,177.649,4.9,19568.0,2.53771440127248,0.538738,205162885.835179,3.129166667,15695.9,264473000.0,211.3
2016-03-01,178.16400000000002,5.0,19568.0,2.22200455864592,0.55140742,205294868.071864,3.129166667,15731.6,264473000.0,211.6
2016-04-01,178.767,5.1,19595.66667,3.8254778833095098,0.34527268,205241855.30181,3.129166667,15758.9,264473000.0,212.7
2016-05-01,179.43,4.8,19595.66667,3.2805191880404,0.41364983,205444475.592398,3.129166667,15777.2,264473000.0,213.7
2016-06-01,180.082,4.9,19595.66667,2.10339046055212,0.51909852,205611840.100965,3.129166667,15821.4,264473000.0,214.6
2016-07-01,180.832,4.8,19694.66667,2.49016471097936,0.16534694,205721546.247137,3.129166667,15891.5,264473000.0,215.3
2016-08-01,181.852,4.9,19694.66667,2.7425708907920803,0.22683746,205719975.952004,3.129166667,15931.3,264473000.0,216.0
2016-09-01,182.824,5.0,19694.66667,2.49832933493122,0.2160743,205746285.757389,3.129166667,15999.1,264473000.0,215.3
2016-10-01,183.751,4.9,19765.33333,2.01802556175075,0.28979681,205823439.447656,3.129166667,16059.4,264473000.0,214.8
2016-11-01,184.759,4.7,19765.33333,2.45883151623452,0.34660933,205811828.227144,3.129166667,16107.6,264473000.0,214.5
2016-12-01,185.722,4.7,19765.33333,2.03838510774881,0.70045658,205949625.567472,3.129166667,16182.5,264473000.0,215.5
2017-01-01,186.805,4.7,19831.33333,3.43630577482943,0.72565107,205344403.837718,2.980916667,16293.3,266788716.0,217.3
2017-02-01,187.315,4.6,19831.33333,3.2923463387532204,0.77438158,205351513.930728,2.980916667,16363.5,266788716.0,218.8
2017-03-01,187.993,4.4,19831.33333,1.91438367511723,0.91650302,205267918.37708,2.980916667,16415.1,266788716.0,219.7
2017-04-01,188.725,4.4,19912.0,1.55365836257901,0.76575378,205393193.929005,2.980916667,16476.0,266788716.0,221.0
2017-05-01,189.617,4.4,19912.0,2.1132188709843502,0.7764088,205502426.80103895,2.980916667,16573.2,266788716.0,221.7
2017-06-01,190.51,4.3,19912.0,1.8968337862046696,0.73611135,205687226.297763,2.980916667,16604.0,266788716.0,221.9
2017-07-01,191.452,4.3,20033.0,2.1220936834140702,0.72501612,205738306.568501,2.980916667,16665.9,266788716.0,221.9
2017-08-01,192.665,4.4,20033.0,2.2747579876520403,0.67086016,205719781.084534,2.980916667,16733.7,266788716.0,222.4
2017-09-01,193.759,4.3,20033.0,2.8702567714483,0.56521264,205689659.650249,2.980916667,16841.9,266788716.0,223.1
2017-10-01,194.804,4.2,20224.66667,2.4249630240346502,0.72914351,205674728.188026,2.980916667,16930.8,266788716.0,223.9
2017-11-01,195.955,4.2,20224.66667,2.42039295861358,0.75219045,205660685.323879,2.980916667,16997.5,266788716.0,223.9
2017-12-01,197.172,4.1,20224.66667,2.95574718908234,0.57304923,205804333.906644,2.980916667,17058.2,266788716.0,224.1
2018-01-01,198.315,4.0,20364.33333,4.17000041826154,0.87378801,206344543.075414,3.23825,17141.7,268844029.0,225.8
2018-02-01,199.232,4.1,20364.33333,2.01327934554867,1.08846929,206312186.569498,3.23825,17204.1,268844029.0,228.7
2018-03-01,199.966,4.0,20364.33333,1.9619000737253895,1.02953583,206372831.658204,3.23825,17268.2,268844029.0,231.3
2018-04-01,200.658,4.0,20445.33333,2.93200914809488,1.01435433,206276661.888112,3.23825,17328.7,268844029.0,232.4
2018-05-01,201.425,3.8,20445.33333,2.9818325508401204,1.2160918,206525473.357245,3.23825,17404.4,268844029.0,236.8
2018-06-01,202.233,4.0,20445.33333,2.6321178885371204,1.24572814,206659173.823112,3.23825,17488.4,268844029.0,239.2
2018-07-01,202.913,3.8,20540.66667,2.11149391449985,1.15523371,206655624.781373,3.23825,17587.6,268844029.0,239.6
2018-08-01,203.689,3.8,20540.66667,2.2967112867851003,1.25524162,206658042.804232,3.23825,17664.0,268844029.0,239.4
2018-09-01,204.349,3.7,20540.66667,2.3337233555462205,1.1321469,206634780.35646105,3.23825,17693.5,268844029.0,240.0
2018-10-01,205.112,3.8,20539.66667,2.60626268747923,1.30012681,206625758.029937,3.23825,17749.8,268844029.0,238.7
2018-11-01,205.669,3.8,20539.66667,3.7237636017007705,1.30865835,206649232.130241,3.23825,17795.7,268844029.0,238.8
2018-12-01,206.156,3.9,20539.66667,2.9117770150544304,1.25496666,206768336.69479,3.23825,18012.4,268844029.0,238.3
2019-01-01,206.539,4.0,20629.66667,3.23099390584713,1.04043434,206195132.976976,3.34875,18053.9,270737596.0,238.5
2019-02-01,206.862,3.8,20629.66667,3.02451212422616,1.06818285,206161240.463152,3.34875,18151.4,270737596.0,238.1
2019-03-01,207.066,3.8,20629.66667,3.2071444963092297,0.51720765,206102863.946716,3.34875,18229.5,270737596.0,238.1
2019-04-01,207.513,3.6,20777.0,2.2774968873232595,0.42030375,206172550.777842,3.34875,18262.1,270737596.0,237.2
2019-05-01,208.136,3.7,20777.0,2.5585351456762795,0.5404288,206450917.997713,3.34875,18277.0,270737596.0,237.3
2019-06-01,208.649,3.6,20777.0,3.80734521449875,0.42130162,206561471.831503,3.34875,18310.5,270737596.0,236.3
2019-07-01,209.287,3.7,20981.66667,2.4690479946519703,0.44057188,206406247.33032,3.34875,18328.6,270737596.0,235.6
2019-08-01,210.093,3.7,20981.66667,2.4628290795772902,0.42005179,206400190.485784,3.34875,18423.6,270737596.0,234.4
2019-09-01,210.904,3.5,20981.66667,3.1506552025939,0.23500552,206317795.986342,3.34875,18474.4,270737596.0,234.4
2019-10-01,211.791,3.6,21085.66667,2.5257194144136,0.36832453,206248793.258298,3.34875,18549.5,270737596.0,233.8
2019-11-01,212.787,3.6,21085.66667,3.45027019634134,0.43361185,206324586.903383,3.34875,18630.7,270737596.0,232.8
2019-12-01,213.933,3.6,21085.66667,2.61233046409994,0.51426493,206397971.567839,3.34875,18583.8,270737596.0,232.2
2020-01-01,214.99400000000003,3.5,20777.66667,3.20697563356733,0.50509631,205738360.634943,3.678916667,18821.5,274040676.0,233.4
2020-02-01,215.864,3.5,20777.66667,2.70863053554713,0.31598579,205608674.614351,3.678916667,18925.6,274040676.0,234.6
2020-03-01,216.402,4.4,20777.66667,2.96654438067967,-0.12783745,205444401.983235,3.678916667,18577.4,274040676.0,236.3
2020-04-01,216.812,14.7,19128.66667,1.96837350231596,-0.11159442,206991879.722064,3.678916667,20750.9,274040676.0,234.3
2020-05-01,216.98,13.2,19128.66667,2.89504426558853,-0.02785652,206806811.868266,3.678916667,19877.2,274040676.0,233.3
2020-06-01,217.616,11.0,19128.66667,1.68037017264615,-0.15369936,205516631.83436105,3.678916667,19920.9,274040676.0,234.8
2020-07-01,219.378,10.2,20602.0,3.61082947310352,-0.3453445,205383291.36988705,3.678916667,20191.5,274040676.0,237.0
2020-08-01,222.391,8.4,20602.0,2.23572327671315,-0.407134,205756721.971442,3.678916667,19594.2,274040676.0,240.9
2020-09-01,225.837,7.9,20602.0,1.1339330439988702,-0.34333693,206102392.89660496,3.678916667,19744.9,274040676.0,246.9
2020-10-01,229.753,6.9,20804.66667,1.83845624148977,-0.29173845,206062967.906825,3.678916667,19758.5,274040676.0,246.4
2020-11-01,233.208,6.7,20804.66667,1.21891052470624,-0.21395564,206157848.349687,3.678916667,19610.4,274040676.0,244.3
2020-12-01,236.486,6.7,20804.66667,1.6244821427238203,-0.23232146,206072530.61728495,3.678916667,19775.2,274040676.0,248.0
2021-01-01,239.56,6.3,21075.66667,1.52430226027722,-0.23501721,204942957.947155,3.774916667,21760.9,275164510.0,256.4
2021-02-01,242.36900000000003,6.2,21075.66667,2.8103907135000403,-0.2308238,204900632.51885095,3.774916667,20254.0,275164510.0,264.6
2021-03-01,245.465,6.1,21075.66667,2.3566512577708503,0.01250687,205013086.55691305,3.774916667,24471.8,275164510.0,276.7
2021-04-01,249.07,6.1,21385.66667,2.7458149440762,0.11804694,205390470.988754,3.774916667,21304.2,275164510.0,291.8
2021-05-01,253.407,5.8,21385.66667,3.33847353905972,0.03694758,205611509.059514,3.774916667,20899.7,275164510.0,305.9
2021-06-01,258.358,5.9,21385.66667,3.1694932706457504,-0.00566485,205376625.956331,3.774916667,20934.3,275164510.0,315.7
2021-07-01,262.82,5.4,21538.33333,3.58104546874516,0.03504108,205344083.081467,3.774916667,21156.5,275164510.0,313.542
2021-08-01,266.845,5.2,21538.33333,4.02203767076941,-0.26101879,205334928.579499,3.774916667,21207.3,275164510.0,313.083
2021-09-01,270.377,4.8,21538.33333,5.05427501660436,-0.19473087,205452287.613564,3.774916667,21051.2,275164510.0,317.136
2021-10-01,273.725,4.5,21883.66667,7.662852587467969,0.08790114,205370913.422304,3.774916667,21201.4,275164510.0,322.12
2021-11-01,277.21,4.2,21883.66667,6.24507044851239,0.16399788,205364326.70385203,3.774916667,21297.7,275164510.0,328.94
2021-12-01,281.342,3.9,21883.66667,5.61179705867823,0.09168917,205320479.360096,3.774916667,21352.9,275164510.0,335.032
2022-01-01,285.92400000000004,4.0,21762.0,6.99282631112532,0.3194951,207106806.899557,4.00175,21294.8,276908634.0,345.742
2022-02-01,291.153,3.8,21762.0,6.51955458274716,0.44159289,207104221.83809105,4.00175,21426.2,276908634.0,343.583
2022-03-01,296.445,3.6,21762.0,6.35024941072335,0.34708992,207013003.70449,4.00175,21510.5,276908634.0,345.852
2022-04-01,300.573,3.6,21709.0,6.03032022330425,0.94940027,207064955.401875,4.00175,21581.3,276908634.0,343.786
2022-05-01,303.762,3.6,21709.0,7.50394411350803,1.20389776,207270515.766814,4.00175,21657.1,276908634.0,353.015
2022-06-01,304.724,3.6,21709.0,7.924919184464071,1.02509351,207394728.33475,4.00175,21740.7,276908634.0,349.8
2022-07-01,303.879,3.5,21820.66667,6.423611018812459,1.06217493,207407819.585438,4.00175,21910.5,276908634.0,346.79
2022-08-01,301.473,3.7,21820.66667,8.46391746602624,0.8556253,207370650.96785697,4.00175,22024.3,276908634.0,342.753
2022-09-01,299.353,3.5,21820.66667,8.38296430227019,1.20424868,207453580.524705,4.00175,22121.5,276908634.0,336.464
2022-10-01,298.873,3.7,21927.66667,6.50774804422964,1.79733203,207431164.67844105,4.00175,22242.2,276908634.0,333.796
2022-11-01,298.269,3.6,21927.66667,5.76577021806237,1.93071305,207521914.19028,4.00175,22267.7,276908634.0,330.369
2022-12-01,297.413,3.5,21927.66667,7.04916103059838,1.57612515,207524486.32236,4.00175,22312.3,276908634.0,326.449
